old_name,new_name,section,row,seat
101__isee2-20120324153232.jpg,section101-1.jpg,101,,
103__AFairchild-20130713191331.jpg,section103-1.jpg,103,,
103__anonymous-20230115143130.jpg,section103-2.jpg,103,,
103__mikeabney-20250830191107.jpg,section103-3.jpg,103,,
103__mikeabney-20250830191206.jpg,section103-4.jpg,103,,
103__mikeabney-20250830191230.jpg,section103-5.jpg,103,,
104__AFairchild-20130713191516.jpg,section104-1.jpg,104,,
104__AFairchild-20130713191631.jpg,section104-2.jpg,104,,
104__khamblett8204-20220915152625.jpg,section104-3.jpg,104,,
104__MatthewJW7-20230617035536.jpg,section104-4.jpg,104,,
105__AFairchild-20130713191807.jpg,section105-1.jpg,105,,
105__Rcclark83-20250710195429.jpg,section105-2.jpg,105,,
106__AFairchild-20130713191941.jpg,section106-1.jpg,106,,
107__AFairchild-20130713192106.jpg,section107-1.jpg,107,,
107__BigNeily91-20250302205116.jpg,section107-2.jpg,107,,
108__AFairchild-20130713192228.jpg,section108-1.jpg,108,,
109__AFairchild-20130713192349.jpg,section109-1.jpg,109,,
109__AFairchild-20130713192458.jpg,section109-2.jpg,109,,
109__anonymous-20190911025600.jpg,section109-3.jpg,109,,
109__nraven-20180707225038.jpg,section109-4.jpg,109,,
110__AFairchild-20130713192636.jpg,section110-1.jpg,110,,
110__nraven-20180630231903.jpg,section110-2.jpg,110,,
111__AFairchild-20130713192739.jpg,section111-1.jpg,111,,
111__se12421-20250817011934.jpg,section111-2.jpg,111,,
112__AFairchild-20130713192903.jpg,section112-1.jpg,112,,
112__conrad668-20231119153546.jpg,section112-2.jpg,112,,
112__se12421-20250831003124.jpg,section112-3.jpg,112,,
113__AFairchild-20130713193017.jpg,section113-1.jpg,113,,
113__anonymous-20240519174024-15.jpg,section113-2.jpg,113,,
113__anonymous-20251019163855-87.jpg,section113-3.jpg,113,,
113__Bodester21-20171210065513.jpg,section113-4.jpg,113,,
113__Bodester21-20171210065912.jpg,section113-5.jpg,113,,
113__colinjdmurray-20240427190117-9.jpg,section113-6.jpg,113,,
114__AFairchild-20130713193142.jpg,section114-1.jpg,114,,
115__yosoyd13go-20250817000325-88.jpg,section115-1.jpg,115,,
123__anonymous-20250308171653-83.jpg,section123-1.jpg,123,,
123__anonymous-20250308171753-92.jpg,section123-2.jpg,123,,
124__nilesgirl72-20241006000832.jpg,section124-1.jpg,124,,
125__anonymous-20221013170732.jpg,section125-1.jpg,125,,
125__anonymous-20221013171215.jpg,section125-2.jpg,125,,
126__anonymous-20180701001054.jpg,section126-1.jpg,126,,
126__TonyCFC-20160119220038.jpg,section126-2.jpg,126,,
127__AFairchild-20130713184301.jpg,section127-1.jpg,127,,
127__anonymous-20240519174626-4.jpg,section127-2.jpg,127,,
128__AFairchild-20130713184521.jpg,section128-1.jpg,128,,
129__AFairchild-20130713194246.jpg,section129-1.jpg,129,,
130__AFairchild-20130713184825.jpg,section130-1.jpg,130,,
130__RobertaMaciel-20210912115911.jpg,section130-2.jpg,130,,
130__RobertaMaciel-20210912120123.jpg,section130-3.jpg,130,,
131__AFairchild-20130713184944.jpg,section131-1.jpg,131,,
132__AFairchild-20130713185114.jpg,section132-1.jpg,132,,
133__AFairchild-20130713185317.jpg,section133-1.jpg,133,,
134__AFairchild-20130713185456.jpg,section134-1.jpg,134,,
135__AFairchild-20130713185634.jpg,section135-1.jpg,135,,
136__AFairchild-20130713185807.jpg,section136-1.jpg,136,,
137__AFairchild-20130713190023.jpg,section137-1.jpg,137,,
138__AFairchild-20130713190153.jpg,section138-1.jpg,138,,
138__anonymous-20250131211156-73.jpg,section138-2.jpg,138,,
138__vito836-20230902194152.jpg,section138-3.jpg,138,,
139__AFairchild-20130713190330.jpg,section139-1.jpg,139,,
139__anonymous-20250718231524-11.jpg,section139-2.jpg,139,,
140__AFairchild-20130713190455.jpg,section140-1.jpg,140,,
141__AFairchild-20130713190639.jpg,section141-1.jpg,141,,
142__AFairchild-20130713190812.jpg,section142-1.jpg,142,,
142__anonymous-20260409230241-59.jpg,section142-2.jpg,142,,
143__AFairchild-20130713190942.jpg,section143-1.jpg,143,,
CL7__anonymous-20110607000617.jpg,sectionCL7-1.jpg,CL7,,
CL7__nraven-20180608235735.jpg,sectionCL7-2.jpg,CL7,,
CL7__nraven-20181028202836.jpg,sectionCL7-3.jpg,CL7,,
Cl8__nraven-20181013230105.jpg,sectionCl8-1.jpg,Cl8,,
CL9__anonymous-20260418204031-82.jpg,sectionCL9-1.jpg,CL9,,
